234235,11.222.222/3333-23,PECE,estagio@pece.com,Av. Prof. Mello Moraes,2373,São Paulo,SP,05508-900,,2106-2400,Butantã,Jorge Risco,Diretor,Computação,Clélia,2008-04-17 12:15:01.670000000
236722,06.151.737/0001-91,Duom,jobs@duom.com.br,Armando Brussolo,154,São Paulo,SP,05048-050,--,11-4063-4895,Vila Romana,Jorge Vasquez,CTO,Desenvolvimento de software,Jorge Vasquez,2008-04-29 15:26:56.303000000
236724,00.221.199/0001-88,Aris Tecnologia Ltda,silmara@aris.com.br,Aruanã,452,Barueri,SP,06460-010,,11-4195-1444,Tamboré,2008-05-08 13:41:33.147000000
236725,90.400.888/0001-42,Santander,alebarbosa@santander.com.br,Rua Amador Bueno,474,São Paulo,SP,04012-000,,11-5635-7180,Santo Amaro,2008-05-08 23:33:28.140000000
236726,03.802.115/0001/98,ClearSale Informática Ltda,rh@clearsale.com.br,Vergueiro,3086,São Paulo,SP,04102-001,63,11-5539-5333,Vila Mariana,2008-05-08 23:34:19.660000000
236727,33.372.251/0126-77,IBM BRASIL INDÚSTRIA DE MÁQUINAS E SERVIÇOS LTDA,marinalr@br.ibm.com,TUTÓIA,1157,São Paulo,SP,04007-900,7o andar,11-2132-7798,VILA MARIANA,2008-05-09 15:59:37.010000000
236730,05.254.381/0001-59,Neolog Consultoria e Sistemas Ltda,rh@neolog.com.br,Av Engenheiro Luis Carlos Berrini,1681,São Paulo,SP,04571-011,Cj:82,11-3046-4050,BROOKLIN,ISABELLE BENETTI/ THAIS MADRIGRANO,Analista Rh,,,2008-05-12 22:30:09.370000000
236731,02.699.413/0001-31,UNEAR S.A.,rodrigo.gomensoro@unear.net,Dr. Renato Paes de Barros,717,São Paulo,SP,04531-001,sala 32,11-3089-8858,Itaim Bibi,2008-06-03 21:35:11.043000000
236732,04.125.590/0001-30,Summa Technologies do Brasil,adriane@summa-tech.com,Funchal,411,São Paulo,SP,04551-060,Cj 112,11-3055-2060,Vila Olimpia,2008-07-08 16:57:47.033000000
236733,33.482.241/0082-39,General Electric do Brasil,tais.martinez@ge.com,Av. das Naçoes Unidas,8501,Sao Paulo,SP,05425-070,,11-3067-8335,Pinheiros,2008-07-08 16:58:01.610000000
236734,49.729.718/0001-02,CHRIS CINTOS DE SEGURANÇA LTDA,lucia.gouveia@chriscintos.com.br,AV. ROBERT KENNEDY,997,SÃO PAULO,SP,04768-000,,11-5683-4700,SANTO AMARO,2008-07-08 16:58:13.437000000
236735,01.773.463/0001-59,OMNISYS ENGENHARIA LTDA,omnisys@omnisys.com.br,LOURDES,560,SÃO CAETANO DO SUL,SP,09571-470,,11-3302-1001,NOVA GERTY,2008-07-08 16:58:25.453000000
236736,08.821.745/0001-23,Certsys,stiverson.palma@certsys.com.br,Prof Lineu Prestes,2242,São Paulo,São Paulo,05508-000,Cietec - Sala 206,11-3039-8346,Cidade Universitária,Stiverson Palma,Diretor de Marketing e Vendas,Segurança da Informação,Stiverson Palma,2008-07-08 16:58:35.810000000
236737,03.280.671/0001-41,V2COM,luma@v2com.mobi,Cunha Gago,700,São Paulo,SP,05421-001,Cj 132,11-3094-3939,Pinheiros,,,,Luma Carvalho,2008-07-08 16:58:49.373000000
236738,60.933.603/0001-78,Cia. Energética de São Paulo,carlos.skilhan@cesp.com.br,av. N.S.Sabará,5312,São Paulo,SP,04447-011,esc. 33,11-5613-3825,V. Emir,2008-07-08 17:00:36.870000000
236739,01.649.273/0001-24,Arbit,dsantos@arbit.com.br,Rua Fidêncio Ramos,195,São Paulo,SP,04551-010,2º andar. Conj. 22,11-3018-3850,Vila Olímpia,Daniela Santos,Coordenadora RH,Consultoria em Tecnologia da Informação,Daniela Santos,2008-07-08 17:00:53.497000000
236740,610748290008-08,ABB Ltda,edise.toreta@br.abb.com,Av. Dos Autonomistas,1496,osasco,são paulo,06020-902,,11-3688-9111,Vl campesina,2008-07-08 17:01:17.963000000
236741,54.512.587/0001-47,SISGRAPH,mkt@sisgraph.com.br,Estados Unidos,116,São Paulo,SP,01427-000,,11-3889-2000,Jardim Paulistano,2008-07-08 17:01:31.057000000
236742,03.186.399/0001-35,INTERDIDACTIC SISTEMAS EDUCACIONAIS LTDA,fnatale@interdidactic.com.br,Rua Orissanga,217,São Paulo,SP,04052-030,,11-5078-9910,Mirandópolis,2008-07-08 17:01:44.010000000
236743,33.987.793/0001-33,Banco de Investimentos Credit Suisse (Brasil) S/A,jobs.brazil@credit-suisse.com,Av. Brig. Faria Lima,3064,São Paulo,SP,01451-000,13º andar,11-3841-6559,Jd. Paulistano,2008-07-08 17:01:55.710000000
236744,09.256.134/0001-42,PROMONLOGICALIS TECNOLOGIA S.A.,fernando.figueiredo@br.promonlogicalis.com,Av. Pres. Juscelino Kubitschek,1830,São Paulo,São Paulo,04543-900,1º andar - Torre 2,11-5213-4195,Itaim Bibi,2008-07-08 17:02:15.290000000
236745,610748290008-08,ABB Ltda,edise.toreta@br.abb.com,Av. Dos Autonomistas,1496,Osasco,SP,06020-902,,11-3688-9654,Vl. Campesina,2008-07-10 13:42:57.010000000
236746,05.262.863/0001-50,Uztech Serviços e Informática Ltda,anderson.sato@scalait.com,Haddock Lobo,337,São Paulo,SP,01414-901,9o. and.,11-3217-7777,Cerqueira César,Anderson Sato,,,,2008-07-10 17:52:54.700000000
236747,06.106.960/0001-17,Testmat,freddy@testmat.com.br,Alexandre Dumas,1268,São Paulo,SP,04717-003,cj. 121,11-3039-8310,Sto. Amaro,2008-07-16 22:55:11.657000000
236748,82.743.287/0027-43,Schneider Electric Brasil Ltda,pamela.caballero@br.schneider-electric.com,Av. Nações Unidas,18605,São Paulo,SP,04753-100,,11-2161-4742,Santo Amaro,2008-07-16 22:55:47.373000000
236749,50.657.675/0001-86,SLW Corretora de Valores e Cambio Ltda,rhslw@slw.com.br,Dr Renato Paes de Barros,717,São paulo,Sp,04530-001,6 e 10 andar,11-3048-9800,Itaim Bibi,2008-07-16 22:56:31.497000000
236750,05.138.282/0001-01,AGIEER Global Services Ltda,selecao@agieer.com.br,da Consolação,65,São Paulo,SP,01301-000,4º andar,11-3231-3981,Cosolação,Eduardo de O. Collinett,Diretor,Consultoria em Estágios,Kamila Camargo,2008-07-18 11:26:12.060000000
236751,62.449.723/0001-20,Dankia Automação Hospitalar,daniel@dankia.com.br,Av Prof Lineu Prestes,2242,São Paulo,SP,05508-000,sala 7 CIETEC,11-3442-7755,Cidade Universitária,Daniel Aksler,Diretor,Equipamentos Hospitalares,,2008-07-24 08:55:57.763000000
236752,05640380000142,Neo Gestao de Recursos Ltda,carolina@neoinvestimentos.com.br,"Av Brig Faria Lima,",3144,São Paulo,SP,01451-000,cj 41,11-2164-1109,Jd Paulistano,2008-07-25 11:37:01.643000000
236753,01299011/0001-87,Touch Tecnologia Informatica ltda,recrutamento@touchtec.com.br,Rua Gomes de Carvalho,1666,São Paulo,São Paulo,04547-006,3o andar,11-3846-5555,Vila Olimpia,Quérzia Souza Valezi de Goes,Analista de RH,Tecnologia e Informática,Quérzia Valezi,2008-07-25 11:37:13.317000000
236754,60.557.022/0001-89,Multispectral Sistemas e Serviços Ltda,adm@multispectral.com.br,Edison,1441,Sâo Paulo,São Paulo,04618-035,,11-5096-5220,Campo Belo,2008-07-25 11:37:24.660000000
236755,08.433.501/0001-73,Letnis Consultoria de Informática Ltda,letnis@letnis.com.br,Rua Domingos de Moraes,2243,São Paulo,SP,04035-000,2º andar - Sala 24,11-5081-6570,Vila Mariana,2008-07-25 22:30:34.793000000
236756,05.562.964/0001-47,P2S Tecnologia,contato@p2s.com.br,R. Maestro Cardim,1251,São Paulo,SP,01323-001,Conj. 14,11-3283-2654,Paraiso,Marlon Gripp Chermont,Diretor,Consultoria e Desenvolvimento de Sistemas,Lucélia,2008-08-06 17:24:44.900000000
236757,09.158.300/0001-78,I.ndigo Tecnologia,cv@i.ndigo.com.br,Américo Brasiliense,1816,São Paulo,SP,04715-004,2 andar,11-5181-4624,Chácara Santo Antonio,Edmar Miyake,Diretor de Tecnologia,Desenvolvimento de Software,Edmar Miyake,2008-08-12 00:12:43.083000000
236758,33.482.241/0082-39,General Electric,atendimento@ge.com,Av. Das Nações Unidas,8501,São Paulo,SP,05425-070,1 andar,11-3067-8108,Pinheiros,2008-08-13 21:52:47.220000000
236759,06.106.960/0002-06,Testmat Consultoria e Treinamento LTDA.,atendimento@testmat.com.br,R. Cônego Eugênio Leite,933,São Paulo,SP,05414-012,cj 45,11-5181-9872,Pinheiros,João Lucas L. C. Alves,Gerente de Projetos,Consultoria,,2008-08-13 21:52:59.610000000
236760,04000582/0001-67,Telefonica Serviços Empresariais do Brasil LTDA,camila.andrade@tgestiona.com.br,Avenida Paulista,,São Paulo,São Paulo,01310-914,Prédio,11-3178-6620,Trianon-Masp,2008-08-20 21:36:02.160000000
236761,08.295.228/0001-68,ConsCiência Consultoria & Sistemas,cristinacns@consciencia.com.br,Av. Valdemar Ferreira,463,São Paulo,SP,05501-000,,11-3853-9510,Butantã,2008-08-22 23:34:06.790000000
236762,03.619.317/0001-07,Ericsson Telecomunicações,andreia.cardoso@ericsson.com,Rua Maria Prestes Maia,300,São Paulo,SP,02047-901,,11-2224-4484,Vila Guilherme,2008-08-29 18:40:19.963000000
236763,00.637.277/0001-20,ESPN do Brasil Eventos Esportivos LTDA,erick.s.santos@espn.com,Rua Catalão,48,São Paulo,São Paulo,01255-020,3º andar,11-3677-7477,Sumaré,2008-08-29 18:40:33.120000000
236765,07.776.469/0001-66,TD Power Informática Ltda EPP,gsepulveda@tdwbi.com.br,"Praça Alpha Centauro,54",54,Santana de Parnaíba,São Paulo,06541-075,cj 212,11-2157-5873,Alphaville,2008-09-04 19:23:12.280000000
236766,08.414.590/0001-00,Pixel Labs,oswaldo@pixellabs.com.br,Rua Funchal,538,São Paulo,SP,04551-060,151,11-3842-7966,Vila Olímpia,2008-09-04 19:23:22.197000000
236767,04.047.152/0001-09,OKTO,dmazzini@okto.com.br,rua renato paes de barros,714,São Paulo,SP,04530-001,décimo terceiro andar,11-3054-2216,Itaim Bibi,2008-09-05 17:08:28.980000000
236768,07.776.469/0001-66,TD Power Informática Ltda,gsepulveda@tdwbi.com.br,das Camélias,381,São Paulo,São Paulo,04048-060,,11-4305-8264,Mirandopolis,Guillermo Sepúlveda,Sócio Diretor,Informática - Consultoria,Mariana Freitas,2008-09-10 11:31:08.867000000
236769,03132889000159,RISK OFFICE CONSULTORIA FINANCEIRA LTDA,administrativo@riskoffice.com.br,Alameda Santos,2441,Sao Paulo,SP,01419-002,5o. andar,11-2714-2900,Cerqueira César,2008-09-10 11:32:21.160000000
236770,10.188.867/0001-67,Interbros Tecnologia,god2000@uol.com.br,Rua Dr. Guilherme Bannitz,126,São Paulo,SP,04532-060,21/179,11-9209-3717,Itaim Bibi,Edgard Azzam,Diretor,Internet,Edgard Azzam,2008-10-03 11:24:05.180000000
236771,04.000.582/0001-67,Telefonica Serviços Empresariais do Brasil,priscilla.araujo@tgestiona.com.br,Avenida Paulista,1106,São Paulo,São Paulo,01310-914,13º Andar,11-3178-6556,Bela Vista,2008-10-28 17:56:32.763000000
236772,04.443.102/0001-32,CONTART TECNOLOGIA E GESTÃO EM INFORMÁTICA,info@ctgi.com.br,Rua dos Três Irmãos,201,São Paulo,SP,05615-190,41,11-3722-2335,Jd Progredior,2008-10-29 17:19:27.500000000
236773,04521018000190,Enrich,enrich@enrich.com.br,Tabapuã,594,São Paulo,SP,04533-014,3º andar,11-2244-8575,Itaim Bibi,2008-11-12 23:02:03.820000000
236774,06.864.518/0001-50,Mowa Mobile Wireless Applications,vagas@mowa.com.br,James Watt,84,Sao Paulo,SP,04576-050,5o andar,11-5506-0352,Jardim Edith,Guilherme Santa Rosa,Sócio-diretor,Mobilidade,,2008-12-17 11:03:49.747000000
236775,61856571/0001-17,COMGAS,csrocha@comgas.com.br,Rua das Olimpíadas,205,São Paulo,SP,04551-000,8º andar,11-4504-5366,Vila Olímpia,2008-12-17 11:04:17.277000000
236776,00.000.000/0000-00,Softliz ltda,lizmaria@usp.br,Av prof. luciano,158,São PAULO,SP,05508-900,,11-3091-5553,butanta,liz,presidente,engenharia,beth,2008-12-17 11:04:46.413000000
236777,03.696.186/0001-53,Siac,jorgerisco@gmail.com,Adib Auda,111,São Paulo,São Paulo,05508-900,casa 52,11-9931-7341,Granja,Jorge Risco,Gerente,TI,Ale,2009-02-11 10:31:41.633000000
236778,22222222222222,Softmich,mdelcarpio@gmail.com,w,,x,x,11111-111,x,11-6666-6666,x,2009-04-23 16:59:06.193000000
236779,44444444444445,Softmich2,mdelcarpio@gmail.com,x,4,x,z,44444-444,x,44-4444-4444,x,2009-04-23 17:03:04.337000000
236780,03.460.164/0001-90,Omnidata,luiz.buffolo@poli.usp.br,Raua Cardeal Arcoverde,1749,São Paulo,SP,05407-002,6º andar- Cj 65,11-3815-8955,Pinheiros,2009-04-27 16:02:58.693000000
236781,03.437665/0001-55,Buscapé I & T Ltada,luiz.buffolo@poli.usp.br,Rua xxx,,São Paulo,SP,00000-000,,11-3848-8700,xxx,2009-04-27 16:03:26.490000000
236782,00.000.000/0000-00,LAA-PCS/EPUSP,pedro.correa@usp.br,"Av. Prof. Luciano Gualberto, travessa 3",158,SP,SP,05508-010,"Bloco C, 2º andar, sala 56",11-3091-5271,"Cidade Universitária, Butantã",Pedro Pizzigatti Correa,Orientador do LAA,Pesquisa & Desenvolvimento,11-30915104,2009-04-27 16:03:40.130000000
236783,43.588.755/0001-61,FDTE,luiz.buffolo@poli.usp.br,Av. Brig. Faria Lima,1768,São Paulo,SP,01452-918,"8º andar, CJ 8-C",11-3031-7000,Pinheiros,2009-04-27 16:03:55.113000000
236784,111111111111111,softmich2,mdelcarpio@gmail.com,x,9,x,x,11111-111,x,11-1111-1111,x,2009-04-27 16:04:07.990000000
236785,04.443.102/0001-32,Contart T & G em Informática,luiz.buffolo@poli.usp.br,Rua André Fernandez,114,Santana de Parnaiba,SP,06501-050,,11-3722-2355,Centro,2009-04-28 10:14:19.180000000
236786,09.158.300/0001-78,CDF P & D Gerenciamento de Software,luiz.buffolo@poli.usp.br,Av. Prof. Lineu Prestes,2242,São Paulo,SP,05508-000,CIETEC,11-5188-8505,Cidade Universitária,2009-04-28 10:14:39.513000000
236787,01.649.273/0001-24,MC3 Consultoria Empresarial Ltda,luiz.buffolo@poli.usp.br,Av. Brig. Faria Lima,3729,São Paulo,SP,04538-905,5º andar,11-3443-6302,Jardim Paulista,2009-04-28 10:14:51.873000000
236788,01.299.011/0001-87,Touch Tecnologia,luiz.buffolo@poli.usp.br,Rua Gomes Carvalho,166,São Paulo,SP,04547-006,3º andar,11-3846-5555,Vila Olimpia,2009-04-28 10:15:10.013000000
236789,03.018.444/0001-42,LSI-TEC,luiz.buffolo@poli.usp.br,Calçada das Violetas,187,Barueri,SP,06453-000,Cond. Centro Comercial de Alphaville,11-3091-5658,Alphaville,2009-04-28 10:15:21.357000000
236790,03.508.097/0001-36,RNP,luiz.buffolo@poli.usp.br,"Av. Prof. Luciano Gualberto, travessa 3",158,São Paulo,SP,05508-900,,11-3091-5261,Cidade Universitária,2009-04-28 10:15:33.260000000
236791,09.294.106/0001-10,MMAR Consultoria Ltda,luiz.buffolo@poli.usp.br,Rua Gomes Carvalho,1666,São PAulo,SP,04547-006,Cj 161,11-3305-9333,Vila Olimpía,arnaud seydoux,socio,,,2009-04-28 10:15:41.980000000
236792,05.354.391/0001-66,Mamute Mídia S/S Ltda,luiz.buffolo@poli.usp.br,Av. Briga. Luiz Antonio,2844,São Paulo,SP,01402-000,Conjunto 111,11-3285-3402,Jardim Paulista,2009-04-28 10:15:53.670000000
236793,06.022.456/0001-39,Iteris Consultoria e Software Ltda,rh@iteris.com.br,Joaquim Floriano,101,São Paulo,SP,04534-010,cj 805,11-2306-8165,Itaim Bibi,João Tornovsky,,,rh@iteris.com.br,2009-07-30 15:56:31.297000000
236794,05.562.964/0001-47,P2S Tecnologia,scanovas@p2s.com.br,Maestro Cardim,1251,São Paulo,São Paulo,01323-001,Conjunto 14,11-3283-2654,Liberdade,2009-07-31 10:00:10.983000000
236795,05354391000166,Mamute Mídia,mamute@mamutemidia.com.br,Av. Brig. Luis Antonio,,São Paulo,SP,01402-000,Cj. 111,11-3285-3402,Jd. Paulistano,2009-08-06 10:28:32.623000000
236796,05.523.159/0001-04,P3D Tecnologia da Imagem,sac@p3d.com.br,Sansão Alves dos Santos,433,São Paulo,São Paulo,04571-090,4º andar,11-5505-0556,Brooklin,,,Software,,2009-08-14 16:31:48.263000000
236797,00.000.000/0000-00,Grupo Foco,woliveira@grupofoco.com.br,Favor Atualizar,,Favor Atualizar,Favor Atualizar,00000-000,,11-3572-6070,Favor Atualizar,2009-08-20 13:05:41.483000000
236798,03.628.943/0001-51,Omnidata Networking Ltda.,andrea.oliveira@omnidata.com.br,Cardeal Arcoverde,1749,São Paulo,São Paulo,05407-002,Bloco B conj. 87,11-3813-8044,Pinheiros,2009-08-25 15:38:57.403000000
236799,08.070.463/0001-31,QLX Desenvolvimento de Software Ltda. - ME,qlx@qlx.com.br,Rua Dona Germaine Burchard,365,São Paulo,SP,05002-061,andar superior,11-2729-6002,Água Branca,Arthur Biazon Machado,Sócio/Desenvolvedor,Desenvolvimento de software,,2009-08-26 13:48:58.343000000
236800,07.903.641/0001-03,Op2B - Otimização para Negócios,rh@op2b.com.br,Avenida Professor Lineu Prestes,2242,São Paulo,SP,05508-000,conjunto 212/214,11-3039-8399,Cidade Universitária,2009-08-26 15:21:13.420000000
236801,03.460.164/0001-90,Omnidata Informática e Serviços Ltda,lygia@omnidata.com.br,Cardeal Arcoverde,1749,São Paulo,SP,05407-002,Bl. B Conj. 65,11-3815-8955,Pinheiros,2009-08-31 16:31:59.170000000
236802,63.025.530/0008-80,Instituto de Matemática e Estatística da USP,hitoshi@ime.usp.br,Rua do Matão,1010,São Paulo,SP,05508-090,Bloco C,11-3091-6499,Butanta,2009-09-03 15:46:46.107000000
236803,50.644.053/0001-13,Instituto do Coração,marco.gutierrez@incor.usp.br,Av. Dr. Eneas de Carvalho Aguiar,44,São Paulo,São Paulo,05403-000,2º andar,11-3069-5385,Cerqueira César,Marco Antonio Gutierrez,Diretor do Setor de Informática,,,2009-09-09 10:28:24.030000000
236804,01649273/0001-24,ARBIT (MC3 Consultoria Empresarial Ltda),dsantos@arbit.com.br,Av. Brig. Faria Lima,3729,São Paulo,São Paulo,04538-905,5º andar,11-3443-6302,Itaim Bibi,Daniela Santos,Coordenadora de RH,Consultoria em Tecnologia da Informação,,2009-09-09 10:29:36.013000000
236805,63.025.530/0024-09,Escola Politécnica da USP,anna.reali@poli.usp.br,Av. Prof. Luciano Gualberto,158,São Paulo,SP,05508-900,trav.3,11-3091-5397,Cidade Universitária,2009-09-11 13:37:06.730000000
236806,63.025.530/0008-80,Instituto de Matemática e Estatistica da USP,mjack@ime.usp.br,Rua do Matão,1010,São Paulo,SP,05508-090,,11-3746-5502,Cidade Universitária,2009-09-14 18:13:32.263000000
236807,10.596.992/0001-15,Interdual Consultoria em Análise de Negócios,heloisa@interdual.com.br,Rua Gomes de Carvalho,1581,São Paulo,SP,04547-006,CJ 1010,11-2737-2822,Vila Olímpia,2009-10-19 14:18:19.810000000
236808,33.987.793/0001-33,Banco de Investimentos Credit Suisse (Brasil) SA,norberto.pacheco@credit-suisse.com,Av. Brig. Faria Lima  14° Andar,3064,São Paulo,SP,01451-000,14° andar,11-3841-6569,,Norberto Luciano Pacheco,,,,2009-11-12 08:18:24.233000000
236809,63.025.530/0024-09,LARC/PCS/EPUSP,regina@larc.usp.br,Cidade Universitária,,São Paulo,SP,05508-900,,3092-5261,Butantã,Regina Melo Silveira,,,,2009-11-12 08:26:27.153000000
236810,66973801000141,Densitel Transformadores,eliana@densitel.com.br,Eng. Rene Benedito Silva,1025,Itapevi,SP,06683-000,,11-4143-7800,Jd Santa Rita,2009-11-12 17:50:50.950000000
236811,611399110001-99,"Associação Brasileira ""A Hebraica"" de São Paulo",marketing@hebraica.org.br,Rua Hungria,1000,São Paulo,SP,01455-000,,11-3818-8861,Jd. Paulistano,2009-11-13 15:22:08
236815,63.025.530/0024-09,Laboratório de Tecnologia de Software (LTS-i),JORGE.BECERRA@poli.usp.br,Cidade Universitária,0,Sao paulo,SP,05508-900,0,11-3091-5368,Butantã,2009-12-01 14:38:14.230000000
236816,04.248.244/0001-49,MAPS S.A Soluções e Serviços,michelet@usp.br,Rua Afonso Celso,522,sao paulo,sp,04119-002,7º andar,11-5085-7000,centro,2009-12-01 16:01:47.890000000
236817,62.941.281/0001-34,Helmut Mauell do Brasil Ind. e Com. Ltda.,mol@mauell.com.br,Est. Estad. Salvador de Leone,2998,Itapecerica da Serra,SP,06853-000,,11-2117-5370,Jd. Itapecerica,2009-12-11 11:29:22.857000000
236818,05.489.296/0001-70,PREVER SERVICE COM. PEÇAS P/ MÁQ. E PREST. SERV. L,preverservice@preverservice.com.br,RUA REIMS,185,SÃO PAULO,SP,02517-010,SALA 6,11-3857-8590,JARDIM DAS LARANJEIRAS,2010-03-31 11:39:54.200000000
236819,05.489.296/0001-70,PREVER SERVICE COM. PEÇAS P/ MÁQ. E PREST. SERV. L,preverservice@preverservice.com.br,RUA REIMS,185,SÃO PAULO,SP,02517-010,SALA 6,11-3857-8590,JARDIM DAS LARANJEIRAS,2010-03-31 14:45:42.233000000
236820,43.588.755/0001-61,LARC (PCS-EPUSP) / FDTE,rony@larc.usp.br,Av. Prof. Luciano Gualberto,,São Paulo,SP,05508-900,Sala C1-50,11-3091-5261,Cidade Universitária,2010-04-13 14:04:23.763000000
236821,05.523.159/0001-04,P3D Tecnologia da Imagem,info@p3d.com.br,Rua Sansão Alves dos Santos,433,São Paulo,SP,04571-090,4 andar,11-5505-0556,Brooklin,2010-04-13 15:49:13.077000000
236822,43.588.755/0001-61,LARC / Projetos Ericsson,cmiers@larc.usp.br,"Av. Prof. Luciano Gualberto, travessa 3",158,São Paulo,SP,05508-900,Sala C150a,11-3091-2967,Ciade Universitária,Fernando Redigolo,Coordenador Técnico de Projetos,,,2010-04-13 15:49:29
236823,55.649.404/0001-00,Software Express Informática Ltda,henrique@softwareexpress.com.br,Av. Paulista,2202,São Paulo,São Paulo,01310-300,Sobreloja H,11-3170-5300,Cerqueira César,,,Desenvolvimento de software,Adriana Nakaguma,2010-04-14 11:12:58.890000000
236824,43.588.755/0001-61,LARC (PCS-EPUSP) / FDTE,rony@larc.usp.br,Av. Prof. Luciano Gualberto,,São Paulo,SP,05508-900,Sala C1-50,11-3091-5261,Cidade Universitária,2010-04-14 12:04:09.390000000
236825,63.025.530/0024-09,LAHPC/PCS/EPUSP,liria.sato@poli.usp.br,"Av. Prof. Luciano Gualberto,trav. 3",158,São Paulo,São Paulo,05508-970,Sala C2-18,11-3091-5617,Cidade Universitária,2010-04-15 11:25:05.297000000
236826,05.164.674/0001-45,TerraForum,brito@terraforum.com.br,Francisco Leitão,469,São Paulo,São Paulo,05414-020,cj 1704,11-3088-6021,Jd. América,2010-04-26 10:13:22.730000000
236827,09.428.468/0001-56,Luiz Henrique Ribeiro de Souza Campos - ME,cursos24horas@cursos24horas.com.br,Av. Bosque da Saúde,1787,São Paulo,SP,04142-092,,11-5594-0823,Saúde,Luiz Henrique R S Campos,Diretor,,,2010-05-05 10:28:01.903000000
236828,04.586.258/0001-72,3RCorp Internet Sistemas e Tecnologia,obueno@3rcorp.net,Cardoso de Almeida,634,São Paulo,SP,05013-000,apto.91,11-3862-3050,Perdizes,2010-05-07 08:11:06.107000000
236829,54.512.587/0001-47,SISGRAPH LTDA,rosalvo@sisgraph.com.br,Rua Estados Unidos,112,São Paulo,SP,01427-000,116,11-3889-2013,Jardim Paulista,2010-05-24 18:02:20.700000000
236830,06.102.302/0001-57,Brado Systems Consultoria em Informatica Ltda,contato@lab360.com.br,RUA SÃO PAULO,,Macaubal,São Paulo,15270-000,,11-9453-6640,Centro,2010-05-26 09:10:26.903000000
236831,06.102.302/0001-57,Brado Systems Consultoria em Informatica Ltda,contato@lab360.com.br,RUA SÃO PAULO,,Macaubal,São Paulo,15270-000,,11-9453-6640,Centro,2010-05-26 09:11:00.687000000
236832,06.102.302/0001-57,Brado Systems Consultoria em Informatica Ltda,contato@lab360.com.br,RUA SÃO PAULO,,Macaubal,São Paulo,15270-000,,11-9453-6640,Centro,2010-05-26 09:11:35.483000000
236833,60.663.556/0001-90,Opus Software Com. e Repres. Ltda.,alberto@opus-software.com.br,Rua Eugênio de Medeiros,242,São Paulo,SP,05425-000,1º andar,11-3816-2200,Pinheiros,2010-05-31 12:00:31.577000000
236834,33.000.167/0108-40,Petróleo Brasileiro S/A. - PETROBRAS,vanessamorais.worktime@petrobras.com.br,Avenida Paulista,901,São Paulo,SP,01311-100,9º andar,11-3523-4011,Cerqueira César,2010-06-08 15:18:03.857000000
236835,05.506.560/0001-36,Núcleo de Informação e Coordenação do Ponto BR-NIC,diego@registro.br,Av. das Nações Unidas,,São Paulo,São Paulo,04578-000,7° andar,11-5509-3500,Brooklin,2010-06-10 15:54:24.920000000
236836,55.649.404/0001-00,Software Express Informática Ltda.,lucilene@softwareexpress.com.br,Avenida Paulista,,São Paulo,SP,01310-300,Sobreloja H,11-3170-5300,Cerqueira Cesar,2010-07-21 13:36:47.483000000
236837,69.202.901/0001-62,Unitécnica LTDA,ines@unitecnica.com.br,Joaquim Antunes,727,São Paulo,SP,05415-012,Cj.31,11-3061-5777,Pinheiros,2010-07-27 14:38:05.283000000
236838,02.562.663/0001-25,BNP Paribas Asset Management Brasil Ltda,rh@br.bnpparibas.com,Av. Pres. Juscelino Kubitschek,510,S paulo,sp,04543-906,11º andar,11-3841-3539,Itaim bibi,2010-08-16 15:32:48.107000000
236839,08.070.730/0001-70,Devcase Tecnologia,hirata@devcase.com.br,"Av. Prof. Lineu Prestes,",2242,São Paulo,SP,05508-000,CIETEC Sala 208,11-3039-8374,Cidade Universitária,2010-08-16 15:33:05.280000000
236840,12321503000148,Tapps Tecnologia da Informação,contato@tapps.com.br,Prof. Otávio Guimarães,562,São Paulo,SP,04771-110,,11-2361-8950,Veleiros,,,Desenvolvimento de Aplicativos iPhone e iPad,,2010-08-19 15:27:56.357000000
236841,06.238.266/0001-53,Lean Consultores,lean@lean-consultores.com.br,Piracicaba,49,Barueri,SP,06458-130,-,11-4688-2482,Tamboré,2010-10-13 10:38:27.080000000
236842,12.057.247/0001-23,Muttuo Agencia de Gestao em TI,juliana.guinsani@muttuo.com.br,Alexandre Dumas,1268,Sao Paulo,Sao Paulo,04717-003,cj. 31,11-5181-8108,Chacara Sto Antonio,2010-10-19 20:10:38.240000000
236843,111111111111111,Shigueharu Matai,shigueharumatai@usp.br,cidade universitaria,0,sao paulo,sp,05324-000,0,11-3091-5200,cidade universitaria,2010-10-27 10:13:25.733000000
236844,22222222222222,divulgação,shigueharu.matai@gmail.com,rua 22222,22,São Paulo,SP,05638-010,2,22-2222-2222,222222222222,2010-10-27 14:17:27.250000000
236845,07.692.770/0001-91,Itelios do Brasil Informática,contato@itelios.com,Av Paulista,726,São Paulo,SP,01310-910,cj 901,11-2504-3470,Bela Vista,Rafael Ruppel,Gerente de Projetos,Sistemas Web,,2010-11-17 16:48:56.453000000
236846,07.073.027/0001-53,TIVIT - Terceirização de Proc. Serv. Tecnologia SA,danielle.veiga@tivit.com.br,Praça Alfredo Issa,48,São Paulo,São Paulo,01033-040,16º andar,11-3626-9000,Luz,2010-11-18 10:26:51.300000000
236847,61.809.182/0001-30,Credit Suisse Hedging-Griffo,recursoshumanos@cshg.com.br,Av. Pres. Juscelino Kubitschek,1830,São Paulo,SP,04543-900,Torre III e IV - 6º andar,11-3704-8600,Itaim BIBI,2010-11-22 10:11:26.450000000
236848,11.918.575/0001-04,Ibiuna Investimentos Ltda,tlopes@ibiunainvest.com.br,Av. Sao Gabriel,477,São Paulo,SP,01435-001,15º andar,11-3165-3265,Jd. Paulista,2010-11-23 07:15:34.857000000
236849,04.164.558/0001-63,WG Systems Ltda,patricia.borghi@habber.com,Rua dos Três Irmãos,62,São Paulo,São Paulo,05615-190,1002,11-3723-4481,Morumbi,2010-11-23 15:18:01.843000000
236850,61809182/0001-30,Credit Suisse Hedging Griffo,recursoshumanos@cshg.com.br,Av. Pres. Juscelino Kubitschek,1830,São Paulo,São Paulo,04543-900,Torre III e IV - 6º andar,11-3704-8600,Itaim Bibi,2010-11-25 10:15:16.140000000
236851,05.506.560/0001-36,Núcleo de Informação e Coordenação do ponto br,moreiras@nic.br,Av. das Nações Unidas,11541,São Paulo,São Paulo,04578-000,7º andar,11-5509-3553,Brooklin Novo,Antonio M. Moreiras,Gerente de Projetos,Internet,,2010-11-27 11:03:42.510000000
236852,07.594.862/0001-39,Software AG Brasil Serviços e Informática,roberta.perondini@softwareag.com,das Nações Unidas,12901,São Paulo,SP,04578-000,Torre Norte 33o.,11-2899-6710,Brooklyn,2010-12-02 09:56:24.060000000
236853,61.809.182/0001-30,Credit Suisse Hedging-Griffo,recursoshumanos@cshg.com.br,Av. Pres. Juscelino Kubitschek,1830,São Paulo,SP,04543-900,Torre III e IV - 6º andar,11-3704-8600,Itaim BIBI,2010-12-02 10:26:46.997000000
236854,11.262.624/0001-01,Atech Negócio em Tecnologia SA,admrh@atech.br,Rua Rocio,313,São Paulo,SP,04552-000,2 andar,11-3040-7300,Vila Olímpia,2010-12-07 15:31:00.543000000
236855,96.534.094/0001-58,Accenture do Brasil Ltda,karina.m.bonadio@accenture.com,Alexandre Dumas,2051,São Paulo,SP,04717-004,,11-5188-3697,Chácara Santo Antônio,2010-12-07 15:31:21.170000000
236856,12.031.458/0001-97,Instituto de Fomento à Tecnologia do Terceiro Seto,contato@it3s.org,Rua Emiliano Cardoso de Mello,34,São Paulo,São Paulo,05350-000,,11-3476-8025,Vila Butantã,Daniela Mattern,Análise de Requisitos,Desenvolvimento de Software,Daniela Mattern,2010-12-08 10:37:20.220000000
236857,09065337/0001-51,Sciere Consultores Associados Ltda,bbonetti@sciere.com.br,Avenida São Gualter,1578,São Paulo,SP,05455-002,,11-3032-0552,Alto de Pinheiros,Barbara Bonetti,Gerente Administrativo,Tecnologias Educacionais,Barbara Bonetti,2010-12-09 12:45:38.130000000
236858,63025530/0024-09,Laboratório de Tomada de Decisão,fgcozman@usp.br,Av. Prof. Mello Moraes,2231,São Paulo,SP,05508-900,,11-3091-5755,Cidade Universitária,2011-03-14 16:58:02.413000000
236859,09065337/0001-51,Sciere Consultores Associados Ltda,bbonetti@sciere.com.br,Avenida São Gualter,1578,São Paulo,SP,05455-002,,11-3032-0552,Alto de Pinheiros,2011-03-14 16:58:24.007000000
236860,63.025.530/0024-09,Skip Services,robson.xavier@skipservices.com.br,Cunha Gago,571,São Paulo,SP,05421-000,,11-3032-0931,Pinheiros,2011-04-10 18:51:13.660000000
236861,08070730000170,Hirata Leifert & Prado Tecnologia LTDA - ME,hirata@devcase.com.br,Rua Professor Monjardino,30,sao paulo,sp,05625-160,,11-3039-8374,Vila Sônia,2011-04-11 08:47:44.130000000
236862,05145646000100,Patria Investimentos Ltda,recursos.humanos@patriainvestimentos.com.br,Av. Brig. Faria Lima,2055,São paulo,SP,01452-001,7mo andar,11-3039-9000,Jardim Paulistano,2011-04-12 11:12:13.363000000
236863,72600026000181,Rio Bravo Investimentos Distribuidora de Títulos,miriam.dikstein@riobravo.com.br,Av. Chedid Jafet,222,São Paulo,SP,04551-065,bloco b,11-2107-6658,Vila Olímpia,2011-04-12 11:23:56.493000000
236864,11159192000108,BR Partners Gestão de Recursos LTDA,angela.betti@brap.com.br,Av. Brig. Faria Lima,3355,são paulo,sp,04538-133,26º andar,11-3704-1032,Itaim bibi,2011-04-12 11:35:30.643000000
236865,11116499000113,GDX Investimentos,gustavo.comodo@gdx.com.br,Rua Doutor Renato Paes de Barros,750,São paulo,SP,04530-001,CJ 151,11-3078-3280,Itaim Bibi,,,Gestora de Fundos de Investimentos,,2011-04-12 11:54:10.360000000
236866,63025530/0024-09,Laboratório de Sistemas Integráveis,anagrasi@gmail.com,"Av. Prof. Luciano Gualberto,trav. 3",158,São Paulo,SP,05508-900,,11-3091-5589,Cidade Universitária,Ana Grasi,,Pesquisa,Ana Grasi,2011-04-13 09:54:38.477000000
236867,63025530000619,Instituto de Física usp,olgatica@usp.br,Rua do Matão travessa r,187,São Paulo,SP,05508-090,,11-3091-6909,cidade universitária,2011-04-14 13:38:52.553000000
236868,02.488.340/0001-39,Selens Sistemas,info@selens.com.br,Luigi Galvani,42,São Paulo,SP,04575-020,2o andar,11-5505-9292,Brooklin Novo,2011-05-16 10:04:51.370000000
236869,62.025.440/0001-50,Engecorps Corpo de Engenheiros Consultores SA,egc@engecorps.com.br,Al Tocantins,125,Barueri,SP,06455-020,4 andar,11-2135-5252,Alphaville Empresarial,,,Engenharia Consultiva,João Carlos Mendes Leal,2011-05-17 11:56:27.850000000
236870,10.734.737/0001-91,FingerTips,leonardo.dias@ftips.com.br,Ferreira de Araújo,202,São Paulo,São Paulo,05428-000,1 Andar,11-7237-2044,Pinheiros,Leonardo Dias,Analista de Qualidade,Desenvolvimento de Soluções Móveis,,2011-05-18 10:34:54.483000000
236871,13.480.077/0001-58,Infosimples,rh@infosimples.com.br,Américo Brasiliense,1816,São Paulo,SP,04715-004,2 andar,11-5181-4624,Chácara Santo Antônio,Rafael Barbolo,Engenheiro de Computação,Extração de Dados da Internet,,2011-05-18 13:20:54.987000000
236872,01.586.633/0002-77,Gemalto,jean.nys@gemalto.com,Av. das Nações Unidas,12495,São Paulo,São Paulo,04571-000,8º andar,11-5105-7600,Brooklin Novo,,,Tecnologia/Segurança Digital,Jean Nys,2011-05-19 15:59:29.787000000
236873,66.624.776/0001-90,Equant Brasil Ltda,alessandra.falca@orange-ftgroup.com,Av. Nações Unidas,12901,São Paulo,SP,04578-910,2º andar da Torre norte,11-2187-5341,Brooklin Novo,2011-05-19 16:07:39.170000000
236874,00.000.000/0000-00,Portal de Estágios do PCS,portal.de.estagio@gmail.com,av. Prof. Luciano Gualberto travessa 3,158,Sao Paulo / Sp,SP,05508-900,,11-3091-5583,Cidade Universitária,2011-05-19 16:14:44.607000000
236875,04.164.558/0001-63,HabberTec Business Intelligence,rh.br@habber.com,Dos Três Irmãos,62,São Paulo,São Paulo,05615-190,Sala 1002,11-3723-4481,Vila Progredior,2011-05-24 11:23:53.767000000
236876,10.405.460/0001-53,ib8 Soluções Inteligentes Ltda,ib8@ib8.com.br,Araré,138,São Paulo,SP,04141-080,,11-3588-0788,Chácara Inglesa,,,Desenvolvimento web e mobile,,2011-05-24 16:12:43.493000000
236877,08.252.026/0001-39,Powerflasher Brasil,welcome@powerflasher.com.br,José Getúlio,579,São Paulo,SP,01509-001,Cj. 62,11-3297-5112,Aclimação,2011-05-27 09:22:47.110000000
236878,00.000.000/0000-00,Empresa LTDA,jorgerisco10@hotmail.com,Luciano Gualberto,58,sao paulo,sp,05508-900,12,11-3091-5368,cidade universitária,Jorge Risco,Presidente,,,2011-05-27 10:03:51.233000000
236879,11.752.203/0001-50,Skipper Investimentos Ltda,ernesto@skipperinvest.com.br,Rua Joaquim Floriano,413,São Paulo,São Paulo,04534-011,cj 152,11-3509-6200,Itaim Bibi,,,Gestão de fundos de investimento,,2011-05-27 13:00:17.470000000
236880,31.241.359/0001-84,Avaya Brasil Ltda.,dscampos@avaya.com,Verbo Divino,1227,São Paulo,SP,04719-002,,11-5185-6339,Chácara Santo Antonio,2011-05-31 08:14:55.757000000
236881,08.252.026/0001-39,Powerflasher Brasil,welcome@powerflasher.com.br,josé getulio,579,São Paulo,SP,01509-001,cj. 62,11-3297-5112,Aclimação,2011-05-31 08:15:15.797000000
236882,12.321.503/0001-48,Tapps Tecnologia da Informação Ltda,contato@tapps.com.br,Prof. Otavio Guimaraes,562,São Paulo,SP,04771-110,,11-3031-5745,Veleiros,2011-05-31 08:49:23.170000000
236883,09065337000151,Sciere Consultores Associados Ltda,bbonetti@sciere.com.br,Av. São Gualter,1578,São Paulo,SP,05455-002,,11-3032-0552,Vila Ida,2011-05-31 08:49:51.403000000
236884,09.065.337/0001-51,Sciere Consultores Associados Ltda,barbara@sciere.com.br,Av. São Gualter,1578,São Paulo,SP,05455-002,,11-3032-0552,Vida Ida,2011-05-31 08:50:07.980000000
236885,11.159.192/0001-08,BR Partners Gestão de Recursos Ltda.,info@brap.com.br,Av. Brigadeiro Faria Lima,3355,São Paulo,SP,04538-133,26 andar,11-3704-1041,Itaim Bibi,2011-05-31 08:50:19.560000000
236886,72.600.026/0001-81,Rio Bravo Investimentos DTVM LTDA,rh@riobravo.com.br,Av. Chedid Jafet,222,São Paulo,SP,04551-065,"Bloco B, 3º Andar",11-2107-6651,Vila Olímpia,2011-05-31 08:50:36.403000000
236887,55.649.404/0001-00,Software Express Informática Ltda.,ana.nogueira@softwareexpress.com.br,Avenida Paulista,,São Paulo,São Paulo,01310-300,Sobreloja H,11-3170-5258,Cerqueira Cesar,2011-05-31 08:51:11.110000000
236888,07.078.144/0001-00,GUEPARDO INVESTIMENTOS LTDA,contato@guepardoinvest.com.br,"Av. Brig. Faria Lima,",3015,São Paulo,SP,01452-000,2 andar - cj. 22,11-3103-9200,Jd. Paulistano,,,,CARINA PASSOS GOTTI,2011-05-31 16:39:31.363000000
236889,07.766.571/0001-80,Spix Interactive Solutions,oswaldo.bassani@spix.com.br,Rua Amazonas,439,São Caetano do Sul,São Paulo,09520-070,Conj 60,11-2311-1255,Centro,Oswaldo Bassani Neto,Sócio-Diretor,Desenvolvimento de Hardware e Software,rh@spix.com.br,2011-05-31 16:39:47.323000000
236890,08.996.487/0001-16,XMobots,giovani.amianti@xmobots.com,Av. Prof. Lineu Prestes,2242,São Paulo,SP,05508-000,sala 4,11-3039-8347,Cid. Universitária,2011-06-02 09:10:03.907000000
236891,50.644.053/0001-13,Instituto do Coração - HC FMUSP,marco.gutierrez@incor.usp.br,Av. Dr. Enéas de Carvalho Aguiar,44,São Paulo,SP,05403-000,2o. Andar,11-3069-5441,Cerqueira César,2011-06-02 11:21:21
236892,06993.577/0001-28,INTERACTING 1 INFORMÁTICA LTDA,Eduardo.Lopes@ecodoc.com.br,R.DR.RUBENS GOMES BUENO,161,São Paulo,SÃO PAULO,04730-000,,11-5641-3823,Santo Amaro,2011-06-03 10:55:38.987000000
236893,68.085.042/0001-06,Consciência Soluções e Tecnologia,cristinacns@consciencia.com.br,Magnolia,440,Botucatu,SP,18607-670,,14-3112-9200,Jd. Bom Pastor,2011-06-03 10:55:57.420000000
236894,60.701.190/0001-04,Banco Itaú SA,fabio-santa.cruz@itau-unibanco.com.br,Ofelia,,São Paulo,São Paulo,05425-070,14 andar,11-3905-5405,Pinheiros,2011-06-03 10:56:17.390000000
236895,13.571.089/0001-98,LAB360 TECNOLOGIA DA INFORMAÇÃO LTDA,contato@lab360.com.br,Avenida Paulista,2202,São Paulo,SP,01310-300,conj. 61,11-2835-4041,Bela Vista,2011-06-03 11:08:25.110000000
236896,09.376.394/0001-80,Aastra Telecom do Brasil Ind e Com Ltda,rh.br@aastra.com,Av Paulista,925,São Paulo,SP,01311-100,03° andar,11-3179-1130,Bela Vista,2011-06-10 17:20:50.393000000
236897,09.494.382/0001-21,PGS Consultoria em RH e Psicologia Ltda,sheila.prates@facilityrh.com.br,Rua São Benedito,1757,Sao Paulo,SP,04735-004,sala 3 e 4,11-5181-4512,Alto da Boa Vista,2011-06-10 17:21:12.557000000
236898,09.585.330/0001-60,Plataforma Tecnologia e Serviços Online Ltda.,contato@plataformatec.com.br,Mourato Coelho,1100,São Paulo,SP,05417-002,,11-2339-0708,Vl. Madalena,,,Desenvolvimento Web,,2011-06-10 17:21:22.463000000
236899,02.535.707/0001-28,Dräger Indústria e Comércio Ltda,angelica.baldin@draeger.com,Alameda Pucuruí,51,Barueri,SP,06460-100,,11-4689-6436,Tamboré,2011-06-13 14:10:09.843000000
236900,09.086.487/0001-41,RAM Energias,ramenergias@gmail.com,Rua Safira,124,Cabreúva,São Paulo,13318-000,,15-3227-8605,Colina da Serra,2011-06-16 08:24:13.500000000
236901,05.254.381/0001-59,NEOLOG,selecao@neolog.com.br,Av: Luís Carlos Berrini,1681,SÃO PAULO,SÃO PAULO,04571-011,CJ:82,11-3046-4050,BROOKLIN,2011-06-16 08:24:35.087000000
236902,63025530001186,Universidade de São Paulo - FAU- LABARQ,myurgel@usp.br,rua do lago,876,São Paulo,São Paulo,05508-080,edificio Vilanova Artigas,11-3091-4651,Cidade Universitaria,2011-06-17 09:17:36.607000000
236903,63025530/0024-09,Larc - Poli - USP,dsoriano@larc.usp.br,"Av. Prof. Luciano Gualberto, travessa 3",158,São Paulo,São Paulo,05508-900,"Ed. Eng. Elétrica, sala C1-46",11-3091-5261,Cidade Universitára,2011-06-20 17:53:42.760000000
236904,58.497.702/0001-02,BANCO INTERCAP S.A,rrocha@intercap.com.br,Av.Brigadeiro Faria LIma,1461,São Paulo,SP,01451-904,2º andar,11-3095-8301,Pinheiros,2011-06-20 17:53:53.597000000
236905,68.314.830/0001-27,LARC- Laboratório de Arquyitetura e Redes de Compu,wilson@larc.usp.br,Prof. Luciano Gualberto,158,São Paulo,São Paulo,05508-900,travessa 3,11-3091-5280,Cid. Universitária,2011-06-20 17:54:06.583000000
236906,10.467.474/0001-00,Media Portal Soluções Ltda,fabio.tsuzuki@mediaportal.com.br,Galeno de Almeida,227,São Paulo,São Paulo,05410-030,,11-3063-4411,Jardim América,2011-06-20 18:35:21.323000000
236907,08.193.497/0001-13,TSE Informática Ltda.,antonio.perugini@tsea.com.br,Álvaro Rodrigues,182,São Paulo,SP,04582-000,Cj. 94,11-5535-5840,Brooklin,2011-06-22 12:07:24.087000000
236908,05.164.674/0001-45,TerraForum Consultores,contato@terraforum.com.br,Francisco Leitão,469,São Paulo,SP,05414-020,cj1704,11-3088-6021,Jd. América,2011-06-22 12:07:36.130000000
236909,01.080.385/0001-07,Grupo Willisa,heloisa.uchida@willisa.com.br,Pedro Fioretti,399,Osasco,São Paulo,06013-080,cj 2,11-3685-4318,Centro,2011-06-27 10:32:41.327000000
236910,04.626.836/0001-57,mt4 tecnologia,marcus@mt4.com.br,joaquim antunes 767 cj 66,767,São Paulo,SP,05415-012,cj 66,11-3065-7070,Pinheiros,Marcus Vinicius Scharra de Oliveira Paula,Desenvolvimento de Software,Engenharia de Software,Marcus Oliveira,2011-06-30 16:03:40.667000000
236911,04.626.836/0001-57,mt4 tecnologia,marcus@mt4.com.br,joaquim antunes 767 cj 66,767,São Paulo,SP,05415-012,cj 66,11-3065-7070,Pinheiros,2011-06-30 16:03:46.380000000
236912,04.626.836/0001-57,mt4 tecnologia,marcus@mt4.com.br,joaquim antunes 767 cj 66,767,São Paulo,SP,05415-012,cj 66,11-3065-7070,Pinheiros,2011-06-30 16:03:49.790000000
236913,58.497.702/0001-02,BANCO INTERCAP S.A,rrocha@intercap.com.br,Av.Brigadeiro Faria Lima,1461,São Paulo,SP,01451-904,2º andar,11-3095-8301,Jardim Paulistano,2011-07-08 00:19:16.650000000
236914,08.996.487/0001-16,XMobots Sistemas Robóticos LTDA,contato@xmobots.com,Av. Prof. Lineu Prestes,2242,São Paulo,São Paulo,05508-000,CIETEC - Sala 04,11-3039-8347,Cidade Universitária,2011-07-08 00:19:48.800000000
236915,06.022.456/0001-39,Iteris,rh@iteris.com.br,Joaquim Floriano,820,São Paulo,São Paulo,04534-003,1º andar,11-2306-8165,Itaim Bibi,Marcelo dos Santos,Diretor de Recursos Humanos,,,2011-07-21 08:23:25.533000000
236916,06.022.456/0001-39,Iteris,rh@iteris.com.br,Joaquim Floriano,101,São Paulo,São Paulo,04534-010,cj. 805,11-2306-8165,Itaim Bibi,2011-07-21 08:23:35.363000000
236917,06.022.456/0001-39,Iteris,rh@iteris.com.br,Joaquim Floriano,101,São Paulo,São Paulo,04534-010,cj. 805,11-2306-8165,Itaim Bibi,2011-07-21 08:23:38.897000000
236918,06.022.456/0001-39,Iteris,rh@iteris.com.br,Joaquim Floriano,101,São Paulo,São Paulo,04534-010,cj. 805,11-2306-8165,Itaim Bibi,2011-07-21 08:23:51.520000000
236919,46.049.987/0001-30,Alcatel-Lucent Brasil,pasquale.trezza@alcatel-lucent.com,Av.Marg.direita da anchieta 400,400,São Paulo,SP,04182-901,"km 11,5",11-2947-8256,JD. sta. cruz,2011-07-22 10:01:41.760000000
236920,10.569.193/0001-50,Zaine Software,daniel.madruga@zaine.com.br,Alameda Lorena,280,São Paulo,SP,01424-000,cj. 143.,11-3717-2711,Jardins,2011-07-26 10:52:46.043000000
236921,07.903.641/0001-03,OP2B - Soluções para Otimização de Negócios Ltda,adm_neg@op2b.com.br,Av Professor Lineu Prestes,2242,São Paulo,SP,05508-000,conj 227 2º andar sala 212,11-3039-8399,Butantã,,,,Sandra C Sancho,2011-07-27 08:59:42.697000000
236922,52.646.254/0001-85,Licht Eletro Eletronica Ltda.,info@licht-labs.com,Gastão do Rego Monteiro,480,São Paulo,SP,05594-030,,11-3731-3188,Jd. Bonfiglioli,Flavio Ribeiro,Engenheiro de Desenvolvimento,,,2011-07-29 09:30:04.530000000
236923,58.877.465/0001-05,Syspac Eletrônica Ltda,dsp@syspac.com.br,Dona Germaine Burchard,476,São Paulo,SP,05002-062,,11-2193-9200,Água Branca,2011-08-02 11:15:12.693000000
236924,33.172.537/0001-98,JPMorgan,renato.l.nishidate@jpmorgan.com,Rua Doutor Renato Paes de Barros,1017,São Paulo,São Paulo,04530-001,9º,11-4950-3151,Itaim,2011-08-02 14:48:22.053000000
236925,03.575.341/0001-83,SINT - SISTEMAS E INTEGRACAO LTDA.,recrutamento@sint.com.br,AV BRIGADEIRO FARIA LIMA,2081,SÃO PAULO,SP,01452-001,CONJ 41 E 42 - SALA 2,11-3873-0880,JARDIM PAULISTANO,Rafael Rosenhek,Gerente Inovação,Soluções de Tecnologia,rbr@sint.com.br,2011-08-03 08:46:41.580000000
236926,03.575.341/0001-83,SINT - SISTEMAS E INTEGRACAO LTDA.,recrutamento@sint.com.br,AV BRIGADEIRO FARIA LIMA,2081,SÃO PAULO,SP,01452-001,CONJ 41 E 42 - SALA 2,11-3873-0880,JARDIM PAULISTANO,2011-08-03 08:46:55.730000000
236927,03.575.341/0001-83,SINT - SISTEMAS E INTEGRACAO LTDA.,recrutamento@sint.com.br,AV BRIGADEIRO FARIA LIMA,2081,SÃO PAULO,SP,01452-001,CONJ 41 E 42 - SALA 2,11-3873-0880,JARDIM PAULISTANO,2011-08-03 08:47:00.387000000
236928,10.428.879/0001-20,Inubit Brasil Acessoria Ltda,ali.arzani@inubit.com.br,inacio cunha leme,445,São Paulo,São Paulo,04784-145,,11-5667-2221,Jardim Ipanema,2011-08-03 15:06:04.647000000
236929,07692770000191,Itelios do Brasil Informática Ltda,daniel.wagner@itelios.com,Avenida Paulista,726,São Paulo,SP,01310-910,cj 901,11-2504-3470,Bela Vista,2011-08-04 10:19:36.050000000
236930,07692770000191,Itelios do Brasil Informática Ltda,daniel.wagner@itelios.com,Avenida Paulista,726,São Paulo,SP,01310-910,cj 901,11-2504-3470,Bela Vista,2011-08-04 10:19:45.747000000
236931,07692770000191,Itelios do Brasil Informática Ltda,daniel.wagner@itelios.com,Avenida Paulista,726,São Paulo,SP,01310-910,cj 901,11-2504-3470,Bela Vista,2011-08-04 10:19:49.700000000
236932,07692770000191,Itelios do Brasil Informática Ltda,daniel.wagner@itelios.com,Avenida Paulista,726,São Paulo,SP,01310-910,cj 901,11-2504-3470,Bela Vista,2011-08-04 10:19:52.437000000
236933,07692770000191,Itelios do Brasil Informática Ltda,daniel.wagner@itelios.com,Avenida Paulista,726,São Paulo,SP,01310-910,cj 901,11-2504-3470,Bela Vista,2011-08-04 10:19:56.247000000
236934,07692770000191,Itelios do Brasil Informática Ltda,daniel.wagner@itelios.com,Avenida Paulista,726,São Paulo,SP,01310-910,cj 901,11-2504-3470,Bela Vista,2011-08-04 10:19:59.293000000
236935,07692770000191,Itelios do Brasil Informática Ltda,daniel.wagner@itelios.com,Avenida Paulista,726,São Paulo,SP,01310-910,cj 901,11-2504-3470,Bela Vista,2011-08-04 10:20:02.903000000
236936,50245869000174,ZANTHUS,marcos.sebastiao@zanthus.com.br,George Eastman,64,São Paulo,SP,05690-000,,11-3750-7000,Vila Tramontano,,,Automação Comercial,Marcos,2011-08-04 10:20:17.483000000
236937,50245869000174,ZANTHUS,marcos.sebastiao@zanthus.com.br,George Eastman,64,São Paulo,SP,05690-000,,11-3750-7000,Vila Tramontano,2011-08-04 10:20:22.030000000
236938,08.297.090/0001-36,Digital Pages Publicações Eletrêonicas Ltda.,rh@digitalpages.com.br,Av. Rebouças,3931,São Paulo,São Paulo,05401-450,,11-2537-1655,Pinheiros,2011-08-05 14:43:11.997000000
236939,08.736.273/0001-00,Inter Persona,silvia@interpersona.com.br,Av Angélica,2578,São Paulo,São Paulo,01228-200,cj 31,11-3214-0901,Consolação,2011-08-05 14:43:29.347000000
236940,73.955.544/0006-95,Krest International Ltda.,cadona@krestht.com.br,Maestro Gabriel Migliori,199,São Paulo,SP,02712-140,,11-3934-4460,Jardim Pereira Leite,2011-08-08 15:53:19.553000000
236941,96.534.094/0001-58,Accenture do Brasil Ltda,admpessoal.brasil@accenture.com,Alexandre Dumas,2051,São Paulo,São Paulo,04717-004,Térreo,11-5188-3000,Chácara Santo Antônio,2011-08-09 14:13:16.803000000
236942,03.361.770/0001-58,SETIS AUTOMAÇÃO E SISTEMAS LTDA.,valeria@setis.com.br,VERGUEIRO,2016,SÃO PAULO,SP,04102-000,13,11-5084-2782,ANDAR,2011-08-11 08:46:17.410000000
236943,03.361.770/0001-58,SETIS AUTOMAÇÃO E SISTEMAS LTDA.,valeria@setis.com.br,VERGUEIRO,2016,SÃO PAULO,SP,04102-000,13,11-5084-2782,ANDAR,2011-08-11 08:46:20.110000000
236944,03.361.770/0001-58,SETIS AUTOMAÇÃO E SISTEMAS LTDA.,valeria@setis.com.br,VERGUEIRO,2016,SÃO PAULO,SP,04102-000,13,11-5084-2782,ANDAR,2011-08-11 08:46:20.950000000
236945,01936069/0001-94,Tatiana Credidio,tatiana.credidio@digisystem.com.br,Av Paulista,,São Paulo,SP,01311-200,1º andar,11-3528-3000,Bela Vista,2011-08-15 15:45:29.293000000
236946,08.641.709/0001-88,INTO SERVIÇOS DE INTERMEDIAÇÃO DE INFORMAÇÃO,bmaggi@gmail.com,Praça Dom José Gaspar,76,São Paulo,SP,01047-010,cj. 54,11-8187-2980,Centro,2011-08-16 09:28:16.073000000
236947,08.641.709/0001-88,INTO SERVIÇOS DE INTERMEDIAÇÃO DE INFORMAÇÃO,bmaggi@gmail.com,Praça Dom José Gaspar,76,São Paulo,SP,01047-010,cj. 54,11-8187-2980,Centro,2011-08-16 09:28:32.363000000
236948,08.641.709/0001-88,INTO SERVIÇOS DE INTERMEDIAÇÃO DE INFORMAÇÃO,bmaggi@gmail.com,Praça Dom José Gaspar,76,São Paulo,SP,01047-010,cj. 54,11-8187-2980,Centro,2011-08-16 09:28:39.033000000
236949,01.534.930/0001-98,Ícaro Technologies,rh@icaro.com.br,Avenida Francisco Glicério,2331,Campinas,São Paulo,13023-101,9º andar,19-3731-8343,Botafogo,2011-08-16 16:09:12.743000000
236950,08.696.063/0001-36,G5 Participações Ltda,alivovschi@g5advisors.com,Av. Brig. Faria Lima,3311,São Paulo,SP,04538-133,10 andar,11-3014-6868,Itaim Bibi,2011-08-24 07:55:07.380000000
236951,08.696.063/0001-36,G5 Participações Ltda,alivovschi@g5advisors.com,Av. Brig. Faria Lima,3311,São Paulo,SP,04538-133,10 andar,11-3014-6868,Itaim Bibi,2011-08-24 07:55:20.843000000
236952,08.696.063/0001-36,G5 Participações Ltda,alivovschi@g5advisors.com,Av. Brig. Faria Lima,3311,São Paulo,SP,04538-133,10 andar,11-3014-6868,Itaim Bibi,2011-08-24 07:55:24.910000000
236953,08.696.063/0001-36,G5 Participações Ltda,alivovschi@g5advisors.com,Av. Brig. Faria Lima,3311,São Paulo,SP,04538-133,10 andar,11-3014-6868,Itaim Bibi,2011-08-24 07:55:27.850000000
236954,08.696.063/0001-36,G5 Participações Ltda,alivovschi@g5advisors.com,Av. Brig. Faria Lima,3311,São Paulo,SP,04538-133,10 andar,11-3014-6868,Itaim Bibi,2011-08-24 07:55:30.613000000
236955,08.696.063/0001-36,G5 Participações Ltda,alivovschi@g5advisors.com,Av. Brig. Faria Lima,3311,São Paulo,SP,04538-133,10 andar,11-3014-6868,Itaim Bibi,2011-08-24 07:55:33.440000000
236956,08.696.063/0001-36,G5 Participações Ltda,alivovschi@g5advisors.com,Av. Brig. Faria Lima,3311,São Paulo,SP,04538-133,10 andar,11-3014-6868,Itaim Bibi,2011-08-24 07:55:36.690000000
236957,08.696.063/0001-36,G5 Participações Ltda,alivovschi@g5advisors.com,Av. Brig. Faria Lima,3311,São Paulo,SP,04538-133,10 andar,11-3014-6868,Itaim Bibi,2011-08-24 07:55:41.817000000
236958,08.696.063/0001-36,G5 Participações Ltda,alivovschi@g5advisors.com,Av. Brig. Faria Lima,3311,São Paulo,SP,04538-133,10 andar,11-3014-6868,Itaim Bibi,2011-08-24 07:55:45.313000000
236959,04.205.120/0001-86,Talent Pro Information Technolgy S/A,manni@proit.com.br,Rua Flórida,1703,São Paulo,SP,04565-909,2. andar,11-4052-4300,Cidade Monções,Luiz Carlos Manni,Diretor de Tecnologia,Consultoria em TI,Gabriela Gomes de Mattos,2011-08-31 10:39:02.457000000
236960,58.877.465/0001-05,Syspac Eletrônica Ltda,dsp@syspac.com.br,Dona Germaine Buchard,476,São Paulo,SP,05002-062,,11-2193-9200,Água Branca,,,Design house,Eliane Spina,2011-09-05 16:19:51.847000000
236961,54.083.035/0035-00,DIEBOLD,alexandra.deoliveira@diebold.com,AV. GASTÃO VIDIGAL,2001,SÃO PAULO,SP,05314-000,,11-2128-2376,VILA LEOPOLDINA,2011-09-06 08:16:55.900000000
236962,10.917.835/0001-64,Vinci Equities Gestora de Recursos Ltda,bluzes@vincipartners.com,Av Brigadeiro Faria Lima,2277,São Paulo,São Paulo,01452-000,14,11-3572-3700,Jardim Paulistano,2011-09-06 09:40:39.007000000
236963,10.917.835/0001-64,Vinci Equities Gestora de Recursos Ltda,bluzes@vincipartners.com,Av Brigadeiro Faria Lima,2277,São Paulo,São Paulo,01452-000,14,11-3572-3700,Jardim Paulista,2011-09-06 09:40:53.783000000
236964,01.619.612/0001-20,L4 Comercial Ltda.,faleconosco@l4.com.br,Maria Joaquina,87,São Paulo,SP,03016-010,,11-4085-8100,Brás,2011-09-06 16:38:48.787000000
236965,14.043.143/0001-95,Betalabs Tecnologia Ltda,felipe.cataldi@betalabs.com.br,Rua Tabapua,41,São Paulo,SP,04533-010,cjto 53,11-3522-6826,Itaim Bibi,,,Tecnologia e Publicidade,,2011-09-09 08:07:47.240000000
236966,14.043.143/0001-95,Betalabs Tecnologia Ltda,felipe.cataldi@betalabs.com.br,Rua Tabapua,41,São Paulo,SP,04533-010,cjto 53,11-3522-6826,Itaim Bibi,2011-09-09 08:07:54.400000000
236967,14.043.143/0001-95,Betalabs Tecnologia Ltda,felipe.cataldi@betalabs.com.br,Rua Tabapua,41,São Paulo,SP,04533-010,cjto 53,11-3522-6826,Itaim Bibi,2011-09-09 08:07:58.043000000
236968,14.043.143/0001-95,Betalabs Tecnologia Ltda,felipe.cataldi@betalabs.com.br,Rua Tabapua,41,São Paulo,SP,04533-010,cjto 53,11-3522-6826,Itaim Bibi,2011-09-09 08:08:01.140000000
236969,04.745.900/0001-19,Tiviati,ana@tiviati.com.br,vergueiro,3185,Sp,SP,04101-300,cj 68,11-3804-3258,Vila Mariana,2011-09-13 09:48:25.370000000
236970,02.558.157/0001-62,Telefonica,rogerio.macorin@telefonica.com,Martiniano de Carvalho,851,São Paulo,São Paulo,01321-001,3o andar,11-3549-8229,Bela Vista,2011-09-13 09:48:49.750000000
236971,02.176.289/0001-20,Rio bravo Investimentos,cleber.santos@riobravo.com.br,Avenida Chedidi Jafet,222,SÃO PAULO,SÃO PAULO,04551-065,"Bloco B, 3º andar",11-2107-6651,VILA OLIMPIA,2011-09-14 08:46:28.217000000
236972,04959158/0002-25,Inmetrics,rh@inmetrics.com.br,Avenida Guido Caloi,1000,São Paulo,São Paulo,05802-140,bloco 4,11-3555-6825,Jardim São Luiz,2011-09-15 08:29:56.813000000
236973,06.349.529/0001-00,Startup na Área de iOS Game Development,estagio.gamedev@gmail.com,Rua José de Jesus,16,São Paulo,São Paulo,05630-090,cj. 22,11-9194-6161,Morumbi,,,Software,,2011-09-15 14:45:43.277000000
236974,04.626.836/0001-57,Marcus Oliveira,rh@mt4.com.br,Rua Joaquim Antunes,767,São Paulo,SP,05415-012,cj 66,11-3065-7070,Pinheiros,2011-09-21 10:36:49.220000000
236975,01.586.633/0002-77,Gemalto do Brasil Cartões e Terminais Ltda.,jean.nys@gemalto.com,Av. das Nações Unidas,12495,São Paulo,São Paulo,04571-000,8º andar,11-5105-7600,Brooklin Novo,2011-09-22 08:44:56.687000000
236976,11.426.667/0001-77,Spark,contato@sparklab.com.br,Hans Nobiling,277,Sao Paulo,Sao Paulo,01455-060,Ap.111,11-7179-5598,Jd. Paulista,2011-09-23 13:22:34.303000000
236977,97.536.434/0001-42,S&WM Consultoria LTDA,waldir.claro@symconsultoria.com.br,Av. João Ramalho,430,Santo André,SP,09030-320,sala 61,11-2379-1003,Centro,2011-09-23 13:22:55.093000000
236978,05.167.338/0001-56,VERX TECNOLOGIA E INOVAÇÃO LTDA.,taiscardozo@verx.com.br,Joaquim Floriano,466,São Paulo,SP,04534-002,cj 908,11-2165-8206,Itaim,Tais Cardozo,Gerente RH,,,2011-09-27 13:43:59.920000000
236979,13.633.811/0001-71,SBR RECURSOS HUMANOS,ADRIANA@SBR-RH.COM.BR,ARTUR DE AZEVEDO,1857,SÃO PAULO,SP,05404-015,CJ 84,11-4323-6660,PINHEIROS,2011-09-28 13:16:17.843000000
236980,14.322.674/0001-17,Atrians Tecnologia,marcelo@atrians.com,Avenida Paulista,1471,São Paulo,São Paulo,01311-927,CJ 1108,11-2936-9590,Cerqueira Cesar,2011-09-28 13:16:35.343000000
236981,08.496.898/0001-42,E-Deploy Soluções e Serviços de Informática LTDA,contato@e-deploy.com.br,Alameda Mamoré,911,Barueri,São Paulo,06454-900,Sala 1208,11-4193-4510,Alphaville,2011-09-28 13:16:44.890000000
236982,04.248.244/0001-49,MAPS S/A SOLUÇÕES E SERVIÇOS,talentos@maps.com.br,Afonso Celso,552,São Paulo,SP,04119-002,,11-5085-7000,Vila Mariana,2011-10-03 10:35:05.507000000
236983,63025530/0024-09,Laboratório de Eletromagnetismo Aplicado (LMAG),mausalles@usp.br,"Av. Prof. Luciano Gualberto, Travessa 3",158,São Paulo,São Paulo,05508-910,prédio da POLI-Elétrica,11-3091-5533,Butantã,2011-10-04 09:42:57.983000000
236984,02.976.658/0001-69,AG SOLVE MONITORAMENTO AMBIENTAL LTDA,regina@agsolve.com.br,Oswaldo Cruz,764,Indaiatuba,SP,13334-010,,19-3825-1991,Cidade Nova,2011-11-01 09:32:17.283000000
236985,60.663.556/0001-90,OPUS SOFTWARE COMERCIO E REPRESENTACAO LTDA,cecilia@opus-software.com.br,R. Eugênio de Medeiros,242,São Paulo,São Paulo,05425-900,1º andar,11-3816-2200,Pinheiros,2011-11-01 09:33:02.670000000
236986,60316817000103,Microsoft Informatica Ltda,v-niguim@microsoft.com,Av das Nações Unidas,,São Paulo,SP,04578-000,Torre norte,11-5504-2339,Brooklin,2011-11-01 09:33:30.413000000
236987,03676092000201,MD2 Informatica,thelma.versiane@md2net.com.br,Rua Guararapes,1855,São Paulo,São Paulo,04561-908,5 andar,31-3505-2222,Brooblin,2011-11-01 09:33:41.083000000
236988,02.704.396/0001-83,Nube -  Núclei Brasileiro de Estágios,camila.garcia@nube.com.br,Rua Barão de Itapetiniga,490,São Paulo,SP,01042-000,B,11-3154-7688,Centro,2011-11-01 10:51:55.017000000
236989,08.252.570/0001-80,IBOPE Media,renato.angrisani@ibope.com,Alameda Santos,2101,São Paulo,São Paulo,01419-100,12º Andar,11-3066-1566,Consolação,Renato Giaffredo Angrisani,Engenheiro,Auditoria de Mídia,,2011-11-01 10:52:06.073000000
236990,57455818/0001-16,QUANTA TECNOLOGIA ELETRONICA IND COM LTDA,celiacirelli@quantatec.com.br,AV ENGENHEIRO CAETANO ALVARES,6617,SAO PAULO,SP,02413-200,,11-2971-4400,MANDAQUI,2011-11-09 16:26:16.083000000
236991,57455818/0001-16,QUANTA TECNOLOGIA ELETRONICA IND COM LTDA,celiacirelli@quantatec.com.br,AV ENGENHEIRO CAETANO ALVARES,6617,SAO PAULO,SP,02413-200,,11-2971-4400,MANDAQUI,2011-11-10 08:54:32.273000000
236992,12.140.417/0001-39,"Best, Cool & Fun Games - Free App Creation Desenvo",corporate@bestcoolfungames.com,Av Angélica,2261,São Paulo,São Paulo,01227-200,cjto 32,11-2503-1406,Higienópolis,2011-11-11 14:40:11.157000000
236993,63.025.530/0024-09,LMAG - Laboratório de Eletromagnetismo Aplicado,lmag@pea.usp.br,"Av. Prof. Luciano Gualberto, Trav 3",158,São Paulo,Sao Paulo,05508-900,"Anexo PEA, Sala 12",11-3091-5124,Cidade Universitária,2011-11-11 14:40:23.437000000
236994,01.701.201/0001-89,HSBC BANK BRASIL SA - BANCO MÚLTIPLO,lidiane.d.franco@hsbc.com.br,Rua Ten Francisco Ferreira de Souza,805,Curitiba,PR,81630-010,,41-3777-2444,Hauer,2011-11-16 08:27:41.427000000
236995,02.819.125/0001-73,LINK S/A CCTVM,rh@linkinvestimentos.com.br,LEOPOLDO COUTO DE MAGALHÃES JR,758,SÃO PAULO,SÃO PAULO,04542-000,8° e 10° andares,11-3073-6744,ITAIM BIBI,2011-11-16 16:27:31.670000000
236996,78.575.758/7587-78,tryr,fghdfg@rfgdfg.com,jghjghj,14,sp,sp,05505-010,14,12-2585-2585,hjgj,2011-11-17 08:21:07.420000000
236997,50.650.241/0001-54,RBC Brasil  DTVM,vitor.zirolo@rbc.com,Presidente Kubtschek,28,São Paulo,SP,04543-000,2° andar,11-3383-5200,Vila Olimpia,2011-11-22 19:09:45.970000000
236998,05.506.560/0001-36,NIC.br,info@nic.br,Av. das Nações Unidas,11541,São Paulo,São Paulo,04578-000,7o andar,11-5509-3537,Brooklin Paulista,2011-11-25 08:18:06.187000000
236999,05.785.396/0001-43,BExpert,rh@bexpert.com.br,Rua do Rócio,423,São Paulo,São Paulo,04552-000,Conjunto 809 8º andar,11-3787-0400,Vila Olimpia,2011-11-29 10:16:29.940000000
237000,12.461.756/0001-17,Patria Investimentos,cecilia.pirani@patriainvestimentos.com.br,Av. Brigadeiro Faria Lima,2055,São Paulo,São Paulo,01452-001,7º Andar,11-3039-9000,Itaim,2011-11-29 11:24:07.310000000
237001,13.516.035/0001-20,Effectus Investimentos Ltda,effectus@effectusinvestimentos.com.br,Dr. Renato Paes de Barros,778,São Paulo,São Paulo,04530-001,11º andar,11-2526-1340,Itaim,Fausto Vieira,Economista-Chefe,,André Castanheira,2011-11-29 11:24:19.140000000
237002,02.563.974/0001-09,Monitor Group do Brasil Ltda,carolinadiniz@monitor.com,Praç Joao Duran Alonso,34,Sao Paulo,SP,04571-070,10 andar,11-5501-2377,Brooklin,Karen Mendes,Gerente Financeiro,Consultoria,Carolina Diniz,2011-11-29 11:24:30.073000000
237003,05.145.646/0001-80,Pátria Investimentos Ltda,recursos.humanos@patriainvestimentos.com.br,Av. Brigadeiro Faria Lima,2055,São Paulo,SP,01452-001,7º andar sala E,11-3039-9000,Jd. Paulistano,2011-11-30 08:33:22.023000000
237004,12.123.123/1234-22,teste,fmscpi@gmail.com,Rua,85,cidade,estado,12356-000,complemento,11-1234-1234,vbairro,2012-01-17 11:27:56.667000000
237005,02.903.131/0001-04,Artis Tecnologia,artis@artis.com.br,av. professor noe de azevedo,208,Sao Paulo,sp,04117-000,sala76,11-5549-0515,vila mariana,2012-01-24 14:45:58.560000000
237006,57286247000133,Intel,joinintel@intel.com,Av Dr Chucri Zaidan,940,Sao Paulo,Sao Paulo,04583-110,Brooklin,55-3515-2655,Andar,2012-01-24 14:47:02.360000000
237007,00.000.000/0000-00,Koschier It-Oursourcing GmbH,office@koschier.at,Fernkorngasse,10,Não se aplica,Não se aplica,00000-000,1100,00-0000-0000,Wien,2012-01-27 16:53:34.250000000
237008,02.869.307/0001-59,MicroStrategy do Brasil Ltda,sfuchs@microstrategy.com,Dr. Cardoso de Melo,1340,São Paulo,São Paulo,04548-004,5 andar,11-3044-4811,Vila Olimpia,2012-02-23 18:02:47.100000000
237009,50711035000107,LUANDRE TEMPORÁRIOS LTDA,thamyres.cavalcante@luandre.com.br,"Barão de Itapetininga, 46",46,São Paulo,SP,01042-001,5º andar,11-3474-4690,Centro,2012-02-28 18:00:32.613000000
237010,05640380000142,NEO Investimentos,administrativo@neoinvestimentos.com.br,"Av.Brig.Faria Lima,",3144,São Paulo,SP,01451-000,cj 41,11-2164-1100,Jd Paulistano,2012-03-05 22:10:17.583000000
237011,50711035000107,LUANDRE TEMPORÁRIOS LTDA,thamyres.cavalcante@luandre.com.br,"Barão de Itapetininga, 46",46,São Paulo,SP,01042-001,5º andar,11-3474-4690,Centro,2012-03-05 22:10:31.353000000
237012,14.634.282/0001-93,SESIN BRASIL,brasil@sesin.com,Avenida Paulista,568,SAO PAULO,SP,01310-000,"Andar 7, Sala 14",11-3125-5549,BELA VISTA,2012-03-13 08:35:34.353000000
237013,74.544.297/0001-92,SAP Brasil LTDA,ivan.mirisola@sap.com,Av. das Nações Unidas,14171,São Paulo,SP,04795-100,Marble Tower - 7º andar,11-5503-2400,Santo Amaro,2012-03-22 14:31:29.263000000
237014,61.095.923/0001-69,Promon Engenharia Ltda,bruna.rufino@promon.com.br,Av. Presidente Juscelino Kubitscheck,1830,São Paulo,São paulo,04543-900,13º Andar - Torre 4,11-5212-5810,Chacara Itaim,2012-04-18 14:58:38.863000000
237015,10.910.718/0001-79,Elabora Consultoria e Participações Ltda.,contato@elaboraconsultoria.com.br,General Jardim,808,São Paulo,São Paulo,01223-010,Cj. 705,11-3124-1517,Higienópolis,2012-04-18 16:49:59.203000000
237016,61.856.571/0001-17,Comgás,croperez@comgas.com.br,Rua Capitão Faustino Lima,134,São Paulo,SP,03040-030,,11-3325-6600,Brás,2012-04-25 16:05:57.220000000
237017,50.737.766/0001-21,Techne Engenharia e Sistemas,rh@techne.com.br,"Av das Nações Unidas,",,São Paulo,São Paulo,04578-000,15 andar,11-2149-9200,Vila Olimpia,2012-04-25 16:06:20.513000000
237018,15.440.554/0001-87,Codus Desenvolvimento de Sistemas Computacionais,bruno.bueno@codus.com.br,Diana,700,São Paulo,SP,05019-000,Ap. 32,11-9147-4018,Perdizes,2012-05-11 14:14:07.357000000
237019,08.238.299/0001-29,Controlid Com. de Hard e Ser. De Tecnologia Ltda,albert@controlid.com.br,Hungria,574,São Paulo,SP,01455-000,9o andar,11-4063-4999,Jardim Europa,2012-05-15 13:31:42.340000000
237020,14.875.911/0001-77,Helpin Serviços Digitais S.A.,roberto@helpin.com.br,Rua Alvarenga,1621,São Paulo,SP,05509-003,100m da P1!,11-8109-4207,Butantã,Roberto Fermino,CoFundador,Internet - B2C,Roberto,2012-05-17 03:46:00.517000000
237021,14058035000196,Kanui Comércio Varejista Ltda.,kfronio@rocket-internet.com.br,Avenida Queiroz Filho,1700,São Paulo,SP,05319-000,Torre Life C - Sala 904,11-4302-5082,Vila Hamburguesa,2012-05-22 13:56:17.657000000
237022,12.395.306/0001-73,WeGo!,charles.sieh@wego.com.br,Coronel Oscar Porto,813,São Paulo,São Paulo,04003-004,j. 111-B,11-9944-9939,Paraíso,2012-05-23 10:57:05.623000000
237023,01.080.385/0001-07,Willisa Assessoria em Recursos Humanos,marta.fascina@willisa.com.br,Rua Pedro Fioretti,399,Osasco,São Paulo,06013-080,2º andar,11-3685-4318,Centro,2012-05-29 08:51:20.447000000
237024,77.568.501/9004-05,"CEA, Centro de Cadarache",joel.salvador@cea.fr,Saint-Paul Lez Durance,13108,Cadarache,Cadarache,00000-000,,33-0442-2536,Cedex,2012-06-11 11:02:58.817000000
237025,05.717.653/0001-00,Roland Berger Strategy Consultants,roberto.naccache@rolandberger.com,Av. Presidente Juscelino Kubitschek,510,São Paulo,São Paulo,04543-906,15o Andar,11-3046-7111,Itaim Bibi,,,Consultoria Estratégica,,2012-06-11 14:54:08.487000000
237026,14.336.330/0001-67,Vale Saude soluções de pagamento,gisela@valesaudesempre.com.br,Av. Queiroz Filho,1700,Sao Paulo,Sao Paulo,05319-000,Torre B - numero 705,11-3845-1249,Alto de Pinheiros,2012-06-13 15:45:10.280000000
237027,01.425.787/0001-04,Redecard,katia.kancelskis@redecard.com.br,Av. Marcos Penteado Ulhoa Rodrigues,939,Barueri,SP,06460-040,Loja 1 e 12º ao 14º andares,11-2121-0610,Tamboré,2012-06-28 00:09:49.243000000
237028,59.456.277/0001-76,Oracle do Brasil Sistemas LTDA,LIDIANE.SPINOLA@ORACLE.COM,Alfredo Egidio de Souza Aranha,100,São Paulo,SP,04726-170,0,11-5189-1133,Vila Cruzeiro,2012-06-28 15:48:00.290000000
237029,59.456.277/0001-76,Oracle do Brasil Sistemas LTDA,oracle@oracle.com,Av. Alfredo egidio de souza aranha,100,sao paulo,SP,04726-170,,11-5189-1133,granja julieta,2012-06-29 14:36:56.500000000
237030,12.086.497/0001-91,Great Games,contact@greatplaynetwork.com,Av. Brigadeiro Faria Lima,2927,São Paulo,São Paulo,01452-000,Bloco 13,11-2338-8214,Itaim Bibi,2012-06-29 14:37:04.050000000
237031,07.578.500/0001-54,Kiwano Tecnologia Ltda,financeiro@kiwano.com.br,Ribeirão Preto,156,Londrina,PR,86062-390,,11-9132-9523,San Remo,Gabriel Henríquez,Presidente,,,2012-07-02 15:43:32.117000000
237032,07.578.500/0001-54,Kiwano Tecnologia Ltda,contato@kiwano.com.br,Rua Ribeirão Preto,156,Londrina,PR,86062-390,,43-3025-3366,San Remo,2012-07-06 18:43:06.533000000
237033,08.607.184/0001-64,MAXCASA S.A,rh@maxcasa.com.br,HELENA,260,SÃO PAULO,SP,04554-050,CJ 24,11-3049-3211,VILA OLIMPIA,2012-07-18 22:10:12.313000000
237034,33.333.333/3333-33,"Facebook, Inc.",brenoroberto@fb.com,Willow Road,1601,Menlo Park,CA,94025-000,Estados Unidos,65-0804-1426,N/A,2012-08-07 09:01:48.083000000
237035,08.696.063/0001-36,G5 Participações LTDA,rh@g5evercore.com,Av. Brigadeiro Faria Lima,3311,São Paulo,SP,04538-133,10º Andar,11-3014-6868,Itaim Bibi,2012-08-09 13:59:35.013000000
237036,63.025.530/0024-09,Escola Politécnica da Universidade de São Paulo,bienio@poli.usp.br,Av. Professor Almeida Prado,128,São Paulo,SP,05508-900,"Travessa 2, Prédio do Biênio / Produção",11-3091-9075,Butantã,2012-08-16 08:38:08.093000000
237037,50+650+241/0001-54,RBC Wealth Management –  RBC Brasil DTVM Ltda.,ilva.lubisco@rbc.com,Av. Juscelino Kubitscheck,28,São Paulo,São Paulo,04543-000,2º Andar,11-3383-5225,Itaim Bibi,2012-08-16 08:38:19.800000000
237038,60.701.190/0001-04,Itaú Unibanco S/A.,thiago.martino@itau-unibanco.com.br,Pça Alfredo Egydio de Souza Aranha,100,São Paulo,São Paulo,04344-902,"Torre Olavo Setúbal, 1o Andar",11-5029-1150,Jabaquara,2012-08-17 15:44:06.647000000
237039,05.640.380/0001-42,NEO Investimentos,neo2@neoinvestimentos.com.br,Av. Brigadeiro Faria Lima,3144,São Paulo,SP,01451-000,cj41,11-2164-1100,Jardim Paulistano,2012-08-21 10:47:39.680000000
237040,15.498.578/0001-97,Best Free Games for Kids - Funny Addicting Games A,best@bestfreegamesforkids.com,Alexandre Dumas,1562,Sao Paulo,Sao Paulo,04717-004,cj. 62,11-3569-9062,Chacara Santo Antonio,2012-08-21 10:47:45.860000000
237041,08.696.063/0001-36,G5 | EVERCORE,TBERTONE@G5EVERCORE.COM,AV. BRIGADEIRO FARIA LIMA,3311,SÃO PAULO,SP,04538-133,10 º ANDAR,11-3014-6866,ITAIM BIBI,2012-09-04 14:59:30.863000000
237042,04.626.836/0001-57,MT4 Tecnologia Ltda,rh@mt4.com.br,Rua Joaquim Antunes,767,São Paulo,S.P,05415-012,13º andar,11-3065-7070,Pinheiros,2012-09-10 13:07:58.830000000
237043,10.216.776/0001-05,NeoIntelligence,afranciele@neointelligence.com.br,Av. Brigadeiro Faria Lima,1485,São Paulo,SP,01451-000,18º andar,11-3094-7888,Jardim Paulistano,2012-09-18 11:47:56.857000000
237044,63.025.530/0005-38,Laboratório de Fisiologia do Compotamento ICB USP,ranvaud@usp.br,Av Lineu Prestes,1524,Sao Paulo,SP,05508-900,Sala 122,11-3091-7215,Cidade Universiária,2012-09-24 09:31:43.853000000
237045,05164674000145,TERRAFORUM CONSULTORIA LTDA,natalia@terraforum.com.br,Francisco Leitão,469,sp,sp,05414-020,conj 1512,11-3088-6021,pinheiros,2012-10-19 14:34:39.883000000
237046,61.533.949/0001-41,S A O ESTADO DE S. PAULO,cecilia.faccin@estadao.com,Avenida Engenheiro Caetano Álvares,55,São Paulo,SP,02598-900,,11-3856-5992,Limão,Cecilia Fiorani Faccin,Analista de Recursos Humanos,,,2012-11-12 15:05:08.930000000
237047,14.689.469/0001-94,Edison Fiori ME,inovilab@inovilab.com.br,Rua Lucia Piffer Baptistella,60,Itabiba,SP,13253-120,,11-2709-2751,Vila Rita,2012-11-30 11:28:45.543000000
237048,11.284.605/0001-78,ZBRA Soluções em Serviços Tecnológicos LTDA,milton.terra@zbra.com.br,Rua dos Pinheiros,1060,São Paulo,SP,05422-002,cj 22,11-2614-9182,Pinheiros,Milton Tomaz Terra,Diretor Comercial,Desenvolvimento de Software,,2012-12-03 19:56:16.873000000
237049,07.755.913/0001-67,I4PRO,rh@i4pro.com.br,Av. Angélica,745,São Paulo,SP,01227-000,6° andar,11-3664-4600,Santa Cecília,2012-12-05 13:58:07.593000000
237050,09417444000100,Profusion Com e Prest Serv em TI Ltda,lfelipe@profusion.mobi,Avenida Marechal Rondon,1900,Campinas,SP,13070-172,,19-3305-2947,Jardim Chapadão,2012-12-05 14:36:21.357000000
237051,63.025.530/0024-09,Comissão do Ciclo Básico,bienio@poli.usp.br,"Av. Professor Almeida Prado, travessa 2",128,São Paulo,SP,05508-900,,11-3091-5398,Butantã,2012-12-07 11:09:46.083000000
237052,63025530/0024-09,Escola Politécnica,edson.gomi@poli.usp.br,Av. Prof. Luciano Gualberto,158,São Paulo,SP,05508-010,Trav. 3,11-3091-0680,Cidade Universitária,2012-12-07 11:28:21.200000000
237053,68.314.830/0001-27,Leonardo Dias,fabricadesoftware@usp.br,R. Afranio peixoto,14,sao paulo,sp,05508-000,,11-3091-9083,butantã,2012-12-11 10:39:49.953000000
237054,08.018.352/0001-86,Evo Systems,atendimento@evosystems.com.br,R. Maestro Chiafarrelli,292,São Paulo,SP,01432-030,,11-3042-2549,Jd. Paulista,2012-12-17 13:21:17.180000000
237055,14214549000193,Oppa Design,cv@oppa.com.br,Girassol,133,São Paulo,SP,05433-000,,11-3034-3591,Vila Madalena,2013-01-07 12:43:38.380000000
237056,43.588.755/0001-61,LASSU / Projetos Ericsson,terezacarvalho@usp.br,Professor Lucio Martins Rodrigues,380,São Paulo,SP,05508-020,Travessa 43,11-3091-1092,Cidade Universitária,2013-01-31 13:35:47.203000000
237057,02.801.938/0001-36,Banco Morgan Stanley S.A.,carolina.carvalhal@ms.com,Av. brigadeiro faria lima,3600,são paulo,SP,04538-132,,11-3048-6000,itaim,Juliana Abdala,Superintendente de RH,Financeiro,Carolina,2013-02-07 11:44:02.113000000
237058,05.640.380/0001-42,NEO Gestão de Recursos LTDA,neo3@neoinvestimentos.com.br,Av. Brigadeiro Faria Lima,3144,São Paulo,SP,01451-000,cj 41 - 4º andar,11-2164-1100,Jardim Paulistano,2013-02-15 11:53:21.310000000
237059,64.858.525/0001-45,Monsanto do Brasil,edson.alves@monsanto.com,Avenida Nações Unidas,12909,Sao Paulo,São Paulo,04578-910,Torre Norte,11-3383-8000,Brooklin,2013-03-11 09:46:54.493000000
237060,02.276.653/0004-76,BBM Administração de Recursos DTVM SA,daisychu@bancobbm.com.br,Av. Brigadeiro Faria Lima,3311,São Paulo,SP,04538-133,15º and,21-2514-8074,Itaim Bibi,2013-03-12 14:22:00.490000000
237061,06.118.361/0001-13,PrimeUp Soluções em TI,rh@primeup.com.br,Teófilo Otoni,82,Rio de Janeiro,RJ,20090-070,15º andar,21-3172-8050,Centro,Marcelo Tadeu Marchi,Sócio-Diretor,,,2013-03-20 12:09:12.220000000
237062,03.654.119/0002-57,Tecvan Informática Ltda,erica.pinheiro@gertec.com.br,Av Jabaquara,3060,São Paulo,São Paulo,04046-500,6º andar,11-2575-1031,Mirandópolis,2013-03-20 12:09:23.687000000
237063,36.542.025/0001-64,BRQ IT SERVICES,thfranco@brq.com,Gomes de Carvalho,1356,São Paulo,São Paulo,04547-005,7o andar,11-2126-7000,Vila Olímpia,2013-03-22 11:02:38.190000000
237064,05.785.396/0001-43,BExpert,bexpert@bexpert.com.br,Rua do Rocio,423,São Paulo,SP,04552-000,cj 809,11-3787-0400,Vila Olimpia,2013-03-25 11:12:43.063000000
